Designator,Footprint,Quantity,Value,LCSC Part #
"C1, C10, C11, C12, C13, C14, C15, C16, C2, C20, C21, C23, C24, C25, C4, C7, C8",0603,17,100n,
"C17, C22, C3, C5, C6, C9",0805,6,4u7,
C18,0603,1,0p8,
C19,0603,1,0p3,
D1,SOT-23-6,1,USBLC6-2SC6,
D2,0603,1,LED,
FLT1,DLF162500LT-5028A1,1,DLF162500LT-5028A1,
J1,USB_C_Receptacle_GCT_USB4105-xx-A_16P_TopMnt_Horizontal,1,USB_C_Receptacle_USB2.0_14P,
"J2, J5, J6",Molex_PicoBlade_53048-0410_1x04_P1.25mm_Horizontal,3,Conn_01x04_Pin,
J3,U.FL_Hirose_U.FL-R-SMT-1_Vertical,1,Conn_Coaxial,
L1,0603,1,10n,
L2,0805,1,10u,
L3,0603,1,2n7,
R1,0603,1,0R,
"R10-11, R11, R14, R15, R6, R7, R8",0603,7,5k1,
"R12, R13, R16, R2, R3, R4, R5, R9",0603,8,220R,
SW1,SW_SPST_CK_RS282G05A3,1,SW_Push,
U1,SOT-23-5,1,SPX3819M5-L-3-3,
U2,QFN-48-1EP_7x7mm_P0.5mm_EP5.6x5.6mm,1,STM32WB55CEU6,
U3,LGA-12_2x2mm_P0.5mm,1,LIS2HH12,
X1,Crystal_SMD_2016-4Pin_2.0x1.6mm,1,32MHz,
