Designator,Mid X,Mid Y,Rotation,Layer
C1,11.75,23.0,0.0,top
C10,31.975,19.0,180.0,top
C11,41.2,9.825,270.0,top
C12,34.75,10.725,270.0,top
C13,32.225,23.0,180.0,top
C14,44.7,17.35,0.0,top
C15,36.8,10.5,270.0,top
C16,18.825,12.4,0.0,top
C17,39.25,24.0,0.0,top
C18,47.5,18.25,270.0,top
C19,54.55,18.25,270.0,top
C2,14.25,26.5,270.0,top
C20,50.5,12.2,90.0,top
C21,47.6,11.6,180.0,top
C22,24.5,8.0,180.0,top
C23,24.7,10.2,180.0,top
C24,24.7,12.4,180.0,top
C25,36.525,3.75,180.0,top
C3,17.5,26.5,270.0,top
C4,25.95,24.8,270.0,top
C5,28.9,25.95,270.0,top
C6,32.7,27.0,180.0,top
C7,32.95,25.0,180.0,top
C8,45.525,20.75,0.0,top
C9,32.75,8.6,270.0,top
D1,11.25,15.5,270.0,top
D2,40.25,6.65,180.0,top
FID1,3.0,7.0,0.0,top
FID2,64.0,26.0,0.0,top
FID3,68.0,7.0,0.0,top
FLT1,57.75,18.98,0.0,top
H1,3.0,26.0,0.0,top
H2,3.0,3.0,0.0,top
H3,68.0,26.0,0.0,top
H4,68.0,3.0,0.0,top
J1,14.25,4.5,0.0,top
J2,60.5,5.2,0.0,top
J3,62.05,19.0,0.0,top
J4,18.565,17.526075,270.0,top
J5,51.5,5.2,0.0,top
J6,29.9,5.2,0.0,top
L1,36.5,24.4625,90.0,top
L2,37.8125,27.5,0.0,top
L3,51.5,19.0,0.0,top
R1,11.2,26.5,90.0,top
R10-11,48.4,8.775,90.0,top
R11,50.425,8.575,90.0,top
R12,52.325,8.575,90.0,top
R13,53.425,12.075,90.0,top
R14,29.5,13.575,90.0,top
R15,32.25,13.575,90.0,top
R16,40.25,4.75,180.0,top
R2,58.2,9.2,180.0,top
R3,58.2,11.0,180.0,top
R4,58.2,12.8,180.0,top
R5,58.2,14.6,180.0,top
R6,20.55,5.675,90.0,top
R7,7.75,5.71,90.0,top
R8,36.5,5.75,180.0,top
R9,38.2,1.5,0.0,top
SW1,44.5,5.8,90.0,top
U1,22.0,26.5,180.0,top
U2,38.5625,17.75,180.0,top
U3,25.25,15.5,270.0,top
X1,44.0,24.75,90.0,top
